{"version":1,"desktops":[{"title":"chatuba","items":[{"uid":"rsfWum9Xpx69BEeWkDzBEuAT","secret":false,"x":0.507291666666667,"y":0.177777777777778,"w":0.157291666666667,"h":0.4}]}]}