{"version":1,"desktops":[{"title":"desktop-1","items":[{"uid":"FiXY1BHhoRx09-YMMNaJAIY2","secret":false,"x":0.078125,"y":0.138888888888889,"w":0.2125,"h":0.47037037037037}]}]}